{
    "sources": [
        {
            "type": "single",
            "resource": "portal_gun:ceramic"
        },
        {
            "type": "single",
            "resource": "portal_gun:metal"
        },
        {
            "type": "single",
            "resource": "portal_gun:barcode"
        },
        {
            "type": "single",
            "resource": "portal_gun:logo"
        },
        {
            "type": "single",
            "resource": "portal_gun:groove"
        },
        {
            "type": "single",
            "resource": "portal_gun:around_light"
        },
        {
            "type": "single",
            "resource": "portal_gun:chrome"
        },
        {
            "type": "single",
            "resource": "portal_gun:light"
        },
        {
            "type": "single",
            "resource": "portal_gun:flare"
        },
        {
            "type": "single",
            "resource": "portal_gun:glass"
        },
        {
            "type": "single",
            "resource": "portal_gun:wire"
        },
        {
            "type": "single",
            "resource": "portal_gun:laser"
        },
        {
            "type": "single",
            "resource": "portal_gun:active_light"
        },
        {
            "type": "single",
            "resource": "portal_gun:inside"
        },
        {
            "type": "single",
            "resource": "portal_gun:glow"
        }
    ]
}