{
  "parent": "minecraft:item/handheld",
  "textures": {
    "layer0": "minecraft:item/iron_hoe"
  },
  "overrides": [
    { "predicate": { "custom_model_data": 1 }, "model": "portal_gun:portal_gun_orange" },
	{ "predicate": { "custom_model_data": 2 }, "model": "portal_gun:portal_gun_blue" },
	{ "predicate": { "custom_model_data": 3 }, "model": "portal_gun:laser_reciever" },
	{ "predicate": { "custom_model_data": 4 }, "model": "portal_gun:laser_reciever_active" },
	{ "predicate": { "custom_model_data": 5 }, "model": "portal_gun:laser_emmiter" },
	{ "predicate": { "custom_model_data": 6 }, "model": "portal_gun:weighted_cube" },
	{ "predicate": { "custom_model_data": 7 }, "model": "portal_gun:companion_cube" },
	{ "predicate": { "custom_model_data": 8 }, "model": "portal_gun:redirection_cube" }
  ]
}